ds,trend,yhat_lower,yhat_upper,trend_lower,trend_upper,Is_Weekend,Is_Weekend_lower,Is_Weekend_upper,Usage_7D_Avg,Usage_7D_Avg_lower,Usage_7D_Avg_upper,Usage_Hours,Usage_Hours_lower,Usage_Hours_upper,additive_terms,additive_terms_lower,additive_terms_upper,christmas,christmas_lower,christmas_upper,diwali,diwali_lower,diwali_upper,extra_regressors_additive,extra_regressors_additive_lower,extra_regressors_additive_upper,holidays,holidays_lower,holidays_upper,independence_day,independence_day_lower,independence_day_upper,new_year,new_year_lower,new_year_upper,republic_day,republic_day_lower,republic_day_upper,weekly,weekly_lower,weekly_upper,yearly,yearly_lower,yearly_upper,multiplicative_terms,multiplicative_terms_lower,multiplicative_terms_upper,yhat,Service_Type
2022-05-26,144.36789937023948,131.12574175683358,204.4788180897258,144.36789937023948,144.36789937023948,0.0,0.0,0.0,0.024744478474868454,0.024744478474868454,0.024744478474868454,-0.09415773520829762,-0.09415773520829762,-0.09415773520829762,24.638930169380483,24.638930169380483,24.638930169380483,0.0,0.0,0.0,0.0,0.0,0.0,-0.06941325673342916,-0.06941325673342916,-0.06941325673342916,0.0,0.0,0.0,0.0,0.0,0.0,0.0,0.0,0.0,0.0,0.0,0.0,4.6431530128310365,4.6431530128310365,4.6431530128310365,20.065190413282878,20.065190413282878,20.065190413282878,0.0,0.0,0.0,169.00682953961996,AI
2022-05-27,144.33597158410478,117.84198726690555,194.09082029411934,144.33597158410478,144.33597158410478,0.0,0.0,0.0,0.005038615555362784,0.005038615555362784,0.005038615555362784,0.45272426477288785,0.45272426477288785,0.45272426477288785,12.717072375107154,12.717072375107154,12.717072375107154,0.0,0.0,0.0,0.0,0.0,0.0,0.45776288032825063,0.45776288032825063,0.45776288032825063,0.0,0.0,0.0,0.0,0.0,0.0,0.0,0.0,0.0,0.0,0.0,0.0,-7.80248104575717,-7.80248104575717,-7.80248104575717,20.061790540536073,20.061790540536073,20.061790540536073,0.0,0.0,0.0,157.05304395921195,AI
2022-05-29,144.27211601183538,121.0465616018391,194.4925761560679,144.27211601183538,144.27211601183538,-1.2345192258,-1.2345192258,-1.2345192258,-0.00470500569654501,-0.00470500569654501,-0.00470500569654501,0.0013325242835965669,0.0013325242835965669,0.0013325242835965669,12.601799452012614,12.601799452012614,12.601799452012614,0.0,0.0,0.0,0.0,0.0,0.0,-1.2378917072129483,-1.2378917072129483,-1.2378917072129483,0.0,0.0,0.0,0.0,0.0,0.0,0.0,0.0,0.0,0.0,0.0,0.0,-5.233034169103473,-5.233034169103473,-5.233034169103473,19.072725328329035,19.072725328329035,19.072725328329035,0.0,0.0,0.0,156.873915463848,AI
2022-06-01,144.1763326534313,129.37530561672145,203.33820153051215,144.1763326534313,144.1763326534313,0.0,0.0,0.0,-0.0259399623541985,-0.0259399623541985,-0.0259399623541985,0.5109636008936616,0.5109636008936616,0.5109636008936616,23.21267654320948,23.21267654320948,23.21267654320948,0.0,0.0,0.0,0.0,0.0,0.0,0.485023638539463,0.485023638539463,0.485023638539463,0.0,0.0,0.0,0.0,0.0,0.0,0.0,0.0,0.0,0.0,0.0,0.0,7.30080006403208,7.30080006403208,7.30080006403208,15.426852840637935,15.426852840637935,15.426852840637935,0.0,0.0,0.0,167.38900919664079,AI
2022-06-03,144.1124770811619,110.68369095937722,188.14339648179038,144.1124770811619,144.1124770811619,0.0,0.0,0.0,-0.00896308482707759,-0.00896308482707759,-0.00896308482707759,0.29255009575827917,0.29255009575827917,0.29255009575827917,4.382540935569056,4.382540935569056,4.382540935569056,0.0,0.0,0.0,0.0,0.0,0.0,0.28358701093120153,0.28358701093120153,0.28358701093120153,0.0,0.0,0.0,0.0,0.0,0.0,0.0,0.0,0.0,0.0,0.0,0.0,-7.802481045725866,-7.802481045725866,-7.802481045725866,11.901434970363722,11.901434970363722,11.901434970363722,0.0,0.0,0.0,148.49501801673097,AI
2022-06-04,144.08054929502723,114.36556743134102,191.45532636047332,144.08054929502723,144.08054929502723,-1.2345192258,-1.2345192258,-1.2345192258,0.031745675496133836,0.031745675496133836,0.031745675496133836,-0.5294822151376007,-0.5294822151376007,-0.5294822151376007,8.507442589930259,8.507442589930259,8.507442589930259,0.0,0.0,0.0,0.0,0.0,0.0,-1.7322557654414668,-1.7322557654414668,-1.7322557654414668,0.0,0.0,0.0,0.0,0.0,0.0,0.0,0.0,0.0,0.0,0.0,0.0,0.3182650424640745,0.3182650424640745,0.3182650424640745,9.92143331290765,9.92143331290765,9.92143331290765,0.0,0.0,0.0,152.5879918849575,AI
2022-06-06,144.01669372275785,114.25303897508243,189.18765081118514,144.01669372275785,144.01669372275785,0.0,0.0,0.0,0.027115680745096127,0.027115680745096127,0.027115680745096127,0.1442886283042882,0.1442886283042882,0.1442886283042882,7.750859048171518,7.750859048171518,7.750859048171518,0.0,0.0,0.0,0.0,0.0,0.0,0.17140430904938433,0.17140430904938433,0.17140430904938433,0.0,0.0,0.0,0.0,0.0,0.0,0.0,0.0,0.0,0.0,0.0,0.0,1.8488337943889426,1.8488337943889426,1.8488337943889426,5.73062094473319,5.73062094473319,5.73062094473319,0.0,0.0,0.0,151.76755277092937,AI
2022-06-07,143.9847659387375,107.53175355293725,183.2551145437449,143.9847659387375,143.9847659387375,0.0,0.0,0.0,0.018682498849604608,0.018682498849604608,0.018682498849604608,0.14769845585040495,0.14769845585040495,0.14769845585040495,2.692549237827669,2.692549237827669,2.692549237827669,0.0,0.0,0.0,0.0,0.0,0.0,0.16638095470000955,0.16638095470000955,0.16638095470000955,0.0,0.0,0.0,0.0,0.0,0.0,0.0,0.0,0.0,0.0,0.0,0.0,-1.0755366988127726,-1.0755366988127726,-1.0755366988127726,3.6017049819404323,3.6017049819404323,3.6017049819404323,0.0,0.0,0.0,146.67731517656517,AI
2022-06-11,143.8570548026562,100.81109537932794,175.1665144387758,143.8570548026562,143.8570548026562,-1.2345192258,-1.2345192258,-1.2345192258,0.07088725135240866,0.07088725135240866,0.07088725135240866,-1.0444618213282981,-1.0444618213282981,-1.0444618213282981,-6.1497725419071,-6.1497725419071,-6.1497725419071,0.0,0.0,0.0,0.0,0.0,0.0,-2.2080937957758895,-2.2080937957758895,-2.2080937957758895,0.0,0.0,0.0,0.0,0.0,0.0,0.0,0.0,0.0,0.0,0.0,0.0,0.3182650424593155,0.3182650424593155,0.3182650424593155,-4.259943788590528,-4.259943788590528,-4.259943788590528,0.0,0.0,0.0,137.70728226074908,AI
2022-06-13,143.79319923461554,96.90691474524652,174.11964523737342,143.79319923461554,143.79319923461554,0.0,0.0,0.0,0.08667303931219426,0.08667303931219426,0.08667303931219426,-0.4513898996042413,-0.4513898996042413,-0.4513898996042413,-5.887850641024337,-5.887850641024337,-5.887850641024337,0.0,0.0,0.0,0.0,0.0,0.0,-0.36471686029204703,-0.36471686029204703,-0.36471686029204703,0.0,0.0,0.0,0.0,0.0,0.0,0.0,0.0,0.0,0.0,0.0,0.0,1.8488337943845607,1.8488337943845607,1.8488337943845607,-7.371967575116852,-7.371967575116852,-7.371967575116852,0.0,0.0,0.0,137.9053485935912,AI
2022-06-23,143.4739213944123,96.89222199438508,172.60871481193138,143.4739213944123,143.4739213944123,0.0,0.0,0.0,0.16123244814510823,0.16123244814510823,0.16123244814510823,-1.627334238686602,-1.627334238686602,-1.627334238686602,-8.02501675111403,-8.02501675111403,-8.02501675111403,0.0,0.0,0.0,0.0,0.0,0.0,-1.466101790541494,-1.466101790541494,-1.466101790541494,0.0,0.0,0.0,0.0,0.0,0.0,0.0,0.0,0.0,0.0,0.0,0.0,4.643153012803339,4.643153012803339,4.643153012803339,-11.202067973375875,-11.202067973375875,-11.202067973375875,0.0,0.0,0.0,135.44890464329825,AI
2022-07-01,143.21849912224965,91.16086007913485,163.88486032757055,143.21849912224965,143.21849912224965,0.0,0.0,0.0,0.18616284430920876,0.18616284430920876,0.18616284430920876,-0.4224315959157954,-0.4224315959157954,-0.4224315959157954,-13.657306211774824,-13.657306211774824,-13.657306211774824,0.0,0.0,0.0,0.0,0.0,0.0,-0.2362687516065866,-0.2362687516065866,-0.2362687516065866,0.0,0.0,0.0,0.0,0.0,0.0,0.0,0.0,0.0,0.0,0.0,0.0,-7.802481045758689,-7.802481045758689,-7.802481045758689,-5.618556414409548,-5.618556414409548,-5.618556414409548,0.0,0.0,0.0,129.56119291047483,AI
2022-07-05,143.09078798616832,99.76903191987995,180.34866847788592,143.09078798616832,143.09078798616832,0.0,0.0,0.0,0.15763759783476372,0.15763759783476372,0.15763759783476372,0.28859660099798945,0.28859660099798945,0.28859660099798945,-3.5417933438550886,-3.5417933438550886,-3.5417933438550886,0.0,0.0,0.0,0.0,0.0,0.0,0.44623419883275317,0.44623419883275317,0.44623419883275317,0.0,0.0,0.0,0.0,0.0,0.0,0.0,0.0,0.0,0.0,0.0,0.0,-1.0755366988223887,-1.0755366988223887,-1.0755366988223887,-2.9124908438654526,-2.9124908438654526,-2.9124908438654526,0.0,0.0,0.0,139.54899464231323,AI
2022-07-14,142.8034379393301,112.85635973886583,186.26711271543542,142.8034379393301,142.8034379393301,0.0,0.0,0.0,0.13579299651268273,0.13579299651268273,0.13579299651268273,0.7707724556932021,0.7707724556932021,0.7707724556932021,7.117625560401059,7.117625560401059,7.117625560401059,0.0,0.0,0.0,0.0,0.0,0.0,0.9065654522058848,0.9065654522058848,0.9065654522058848,0.0,0.0,0.0,0.0,0.0,0.0,0.0,0.0,0.0,0.0,0.0,0.0,4.643153012839657,4.643153012839657,4.643153012839657,1.5679070953555176,1.5679070953555176,1.5679070953555176,0.0,0.0,0.0,149.92106349973116,AI
2022-07-16,142.73958237336606,107.59082091894146,180.640709198672,142.73958237336606,142.73958237336606,-1.2345192258,-1.2345192258,-1.2345192258,0.11926989382516835,0.11926989382516835,0.11926989382516835,0.6215664134015616,0.6215664134015616,0.6215664134015616,2.428783894590342,2.428783894590342,2.428783894590342,0.0,0.0,0.0,0.0,0.0,0.0,-0.49368291857327,-0.49368291857327,-0.49368291857327,0.0,0.0,0.0,0.0,0.0,0.0,0.0,0.0,0.0,0.0,0.0,0.0,0.3182650424524603,0.3182650424524603,0.3182650424524603,2.6042017707111516,2.6042017707111516,2.6042017707111516,0.0,0.0,0.0,145.1683662679564,AI
2022-07-17,142.70765459038404,102.24217596870582,176.6556178962605,142.70765459038404,142.70765459038404,-1.2345192258,-1.2345192258,-1.2345192258,0.04865866802938203,0.04865866802938203,0.04865866802938203,0.9806056239837165,0.9806056239837165,0.9806056239837165,-2.274014405398529,-2.274014405398529,-2.274014405398529,0.0,0.0,0.0,0.0,0.0,0.0,-0.2052549337869014,-0.2052549337869014,-0.2052549337869014,0.0,0.0,0.0,0.0,0.0,0.0,0.0,0.0,0.0,0.0,0.0,0.0,-5.233034169104632,-5.233034169104632,-5.233034169104632,3.1642746974930036,3.1642746974930036,3.1642746974930036,0.0,0.0,0.0,140.4336401849855,AI
2022-07-21,142.57994345845594,115.43489055817237,189.64300016538118,142.57994345845594,142.57994345845594,0.0,0.0,0.0,0.008522737157333574,0.008522737157333574,0.008522737157333574,0.6996730663799783,0.6996730663799783,0.6996730663799783,11.039267172448465,11.039267172448465,11.039267172448465,0.0,0.0,0.0,0.0,0.0,0.0,0.7081958035373119,0.7081958035373119,0.7081958035373119,0.0,0.0,0.0,0.0,0.0,0.0,0.0,0.0,0.0,0.0,0.0,0.0,4.643153012810053,4.643153012810053,4.643153012810053,5.687918356101101,5.687918356101101,5.687918356101101,0.0,0.0,0.0,153.6192106309044,AI
2022-07-23,142.5160878924919,110.32192199799269,186.753613880601,142.5160878924919,142.5160878924919,-1.2345192258,-1.2345192258,-1.2345192258,-0.05991533518065326,-0.05991533518065326,-0.05991533518065326,0.335409089299029,0.335409089299029,0.335409089299029,6.417497932124136,6.417497932124136,6.417497932124136,0.0,0.0,0.0,0.0,0.0,0.0,-0.9590254716816242,-0.9590254716816242,-0.9590254716816242,0.0,0.0,0.0,0.0,0.0,0.0,0.0,0.0,0.0,0.0,0.0,0.0,0.3182650424477005,0.3182650424477005,0.3182650424477005,7.058258361358059,7.058258361358059,7.058258361358059,0.0,0.0,0.0,148.93358582461605,AI
2022-07-27,142.38837676077367,125.14535804426363,198.33030222452825,142.38837676077367,142.38837676077367,0.0,0.0,0.0,-0.1072182314835557,-0.1072182314835557,-0.1072182314835557,0.9341735938739376,0.9341735938739376,0.9341735938739376,17.78259007888445,17.78259007888445,17.78259007888445,0.0,0.0,0.0,0.0,0.0,0.0,0.8269553623903821,0.8269553623903821,0.8269553623903821,0.0,0.0,0.0,0.0,0.0,0.0,0.0,0.0,0.0,0.0,0.0,0.0,7.300800064000995,7.300800064000995,7.300800064000995,9.654834652493072,9.654834652493072,9.654834652493072,0.0,0.0,0.0,160.17096683965812,AI
2022-07-29,142.32452119491458,112.12851025687098,181.08473678455573,142.32452119491458,142.32452119491458,0.0,0.0,0.0,-0.1197309887765013,-0.1197309887765013,-0.1197309887765013,0.6474514029004156,0.6474514029004156,0.6474514029004156,3.417956733180675,3.417956733180675,3.417956733180675,0.0,0.0,0.0,0.0,0.0,0.0,0.5277204141239142,0.5277204141239142,0.5277204141239142,0.0,0.0,0.0,0.0,0.0,0.0,0.0,0.0,0.0,0.0,0.0,0.0,-7.802481045729605,-7.802481045729605,-7.802481045729605,10.692717364786365,10.692717364786365,10.692717364786365,0.0,0.0,0.0,145.74247792809527,AI
2022-07-30,142.29259341198502,116.0964308176573,193.10089914688334,142.29259341198502,142.29259341198502,-1.2345192258,-1.2345192258,-1.2345192258,-0.0864700361330171,-0.0864700361330171,-0.0864700361330171,-0.1831222209575545,-0.1831222209575545,-0.1831222209575545,9.920409045812892,9.920409045812892,9.920409045812892,0.0,0.0,0.0,0.0,0.0,0.0,-1.5041114828905715,-1.5041114828905715,-1.5041114828905715,0.0,0.0,0.0,0.0,0.0,0.0,0.0,0.0,0.0,0.0,0.0,0.0,0.3182650424530568,0.3182650424530568,0.3182650424530568,11.106255486250408,11.106255486250408,11.106255486250408,0.0,0.0,0.0,152.21300245779793,AI
2022-08-02,142.19681006319635,115.089766051837,190.1139624548731,142.19681006319635,142.19681006319635,0.0,0.0,0.0,-0.08555505728560216,-0.08555505728560216,-0.08555505728560216,0.5953256300676588,0.5953256300676588,0.5953256300676588,11.254977285395768,11.254977285395768,11.254977285395768,0.0,0.0,0.0,0.0,0.0,0.0,0.5097705727820566,0.5097705727820566,0.5097705727820566,0.0,0.0,0.0,0.0,0.0,0.0,0.0,0.0,0.0,0.0,0.0,0.0,-1.0755366988044122,-1.0755366988044122,-1.0755366988044122,11.820743411418123,11.820743411418123,11.820743411418123,0.0,0.0,0.0,153.45178734859212,AI
2022-08-03,142.1648822802668,122.24200703976773,199.19247780358555,142.1648822802668,142.1648822802668,0.0,0.0,0.0,-0.07473007585035044,-0.07473007585035044,-0.07473007585035044,0.6701547395303961,0.6701547395303961,0.6701547395303961,19.761927119768405,19.761927119768405,19.761927119768405,0.0,0.0,0.0,0.0,0.0,0.0,0.5954246636800457,0.5954246636800457,0.5954246636800457,0.0,0.0,0.0,0.0,0.0,0.0,0.0,0.0,0.0,0.0,0.0,0.0,7.300800064027355,7.300800064027355,7.300800064027355,11.865702392061001,11.865702392061001,11.865702392061001,0.0,0.0,0.0,161.9268094000352,AI
2022-08-05,142.1010267144077,109.03995666941128,184.26612126230464,142.1010267144077,142.1010267144077,0.0,0.0,0.0,-0.07034973389257435,-0.07034973389257435,-0.07034973389257435,0.5740487368479992,0.5740487368479992,0.5740487368479992,4.359755894258875,4.359755894258875,4.359755894258875,0.0,0.0,0.0,0.0,0.0,0.0,0.5036990029554248,0.5036990029554248,0.5036990029554248,0.0,0.0,0.0,0.0,0.0,0.0,0.0,0.0,0.0,0.0,0.0,0.0,-7.802481045782605,-7.802481045782605,-7.802481045782605,11.658537937086054,11.658537937086054,11.658537937086054,0.0,0.0,0.0,146.4607826086666,AI
2022-08-18,141.68596555842663,116.47330624108449,188.7958155636142,141.68596555842663,141.68596555842663,0.0,0.0,0.0,-0.09087819868587009,-0.09087819868587009,-0.09087819868587009,0.9241472861880791,0.9241472861880791,0.9241472861880791,11.007396185693015,11.007396185693015,11.007396185693015,0.0,0.0,0.0,0.0,0.0,0.0,0.8332690875022091,0.8332690875022091,0.8332690875022091,0.0,0.0,0.0,0.0,0.0,0.0,0.0,0.0,0.0,0.0,0.0,0.0,4.643153012816767,4.643153012816767,4.643153012816767,5.530974085374041,5.530974085374041,5.530974085374041,0.0,0.0,0.0,152.69336174411964,AI
2022-08-19,141.65403777719732,102.53375744031528,178.41220454369682,141.65403777719732,141.65403777719732,0.0,0.0,0.0,-0.11086412320809012,-0.11086412320809012,-0.11086412320809012,1.5073522160870978,1.5073522160870978,1.5073522160870978,-1.1599757740630507,-1.1599757740630507,-1.1599757740630507,0.0,0.0,0.0,0.0,0.0,0.0,1.3964880928790078,1.3964880928790078,1.3964880928790078,0.0,0.0,0.0,0.0,0.0,0.0,0.0,0.0,0.0,0.0,0.0,0.0,-7.802481045759506,-7.802481045759506,-7.802481045759506,5.246017178817448,5.246017178817448,5.246017178817448,0.0,0.0,0.0,140.49406200313427,AI
2022-08-26,141.43054330859212,104.7651189352222,177.7359880491324,141.43054330859212,141.43054330859212,0.0,0.0,0.0,-0.1329690474251804,-0.1329690474251804,-0.1329690474251804,1.2814010604602488,1.2814010604602488,1.2814010604602488,-0.80811405504299,-0.80811405504299,-0.80811405504299,0.0,0.0,0.0,0.0,0.0,0.0,1.1484320130350685,1.1484320130350685,1.1484320130350685,0.0,0.0,0.0,0.0,0.0,0.0,0.0,0.0,0.0,0.0,0.0,0.0,-7.802481045745315,-7.802481045745315,-7.802481045745315,5.845934977667256,5.845934977667256,5.845934977667256,0.0,0.0,0.0,140.62242925354914,AI
2022-08-29,141.33475996490418,116.3166224422415,189.72795142227008,141.33475996490418,141.33475996490418,0.0,0.0,0.0,-0.17620829519614617,-0.17620829519614617,-0.17620829519614617,1.0569411263917898,1.0569411263917898,1.0569411263917898,9.955050949276396,9.955050949276396,9.955050949276396,0.0,0.0,0.0,0.0,0.0,0.0,0.8807328311956436,0.8807328311956436,0.8807328311956436,0.0,0.0,0.0,0.0,0.0,0.0,0.0,0.0,0.0,0.0,0.0,0.0,1.8488337943756823,1.8488337943756823,1.8488337943756823,7.22548432370507,7.22548432370507,7.22548432370507,0.0,0.0,0.0,151.28981091418058,AI
2022-08-30,141.30283218367487,110.96039024070093,187.88468165318304,141.30283218367487,141.30283218367487,0.0,0.0,0.0,-0.1920541471546899,-0.1920541471546899,-0.1920541471546899,1.0497706362665948,1.0497706362665948,1.0497706362665948,7.527807016103132,7.527807016103132,7.527807016103132,0.0,0.0,0.0,0.0,0.0,0.0,0.8577164891119048,0.8577164891119048,0.8577164891119048,0.0,0.0,0.0,0.0,0.0,0.0,0.0,0.0,0.0,0.0,0.0,0.0,-1.0755366988140285,-1.0755366988140285,-1.0755366988140285,7.745627225805256,7.745627225805256,7.745627225805256,0.0,0.0,0.0,148.830639199778,AI
2022-08-31,141.27090440244555,119.16812292907849,196.86985569587256,141.27090440244555,141.27090440244555,0.0,0.0,0.0,-0.20519740025303826,-0.20519740025303826,-0.20519740025303826,1.0470916029681923,1.0470916029681923,1.0470916029681923,16.410264192313605,16.410264192313605,16.410264192313605,0.0,0.0,0.0,0.0,0.0,0.0,0.8418942027151541,0.8418942027151541,0.8418942027151541,0.0,0.0,0.0,0.0,0.0,0.0,0.0,0.0,0.0,0.0,0.0,0.0,7.300800064036501,7.300800064036501,7.300800064036501,8.267569925561952,8.267569925561952,8.267569925561952,0.0,0.0,0.0,157.68116859475916,AI
2022-09-03,141.17512105875764,112.4079085035559,186.55470183446948,141.17512105875764,141.17512105875764,-1.2345192258,-1.2345192258,-1.2345192258,-0.1835785830837018,-0.1835785830837018,-0.1835785830837018,-0.04595980092176044,-0.04595980092176044,-0.04595980092176044,8.523726716748051,8.523726716748051,8.523726716748051,0.0,0.0,0.0,0.0,0.0,0.0,-1.464057609805462,-1.464057609805462,-1.464057609805462,0.0,0.0,0.0,0.0,0.0,0.0,0.0,0.0,0.0,0.0,0.0,0.0,0.3182650424529049,0.3182650424529049,0.3182650424529049,9.669519284100607,9.669519284100607,9.669519284100607,0.0,0.0,0.0,149.6988477755057,AI
2022-09-06,141.07933771506967,113.36334007493646,190.9611341647874,141.07933771506967,141.07933771506967,0.0,0.0,0.0,-0.1782018489470169,-0.1782018489470169,-0.1782018489470169,0.7699473110483146,0.7699473110483146,0.7699473110483146,10.011992404772206,10.011992404772206,10.011992404772206,0.0,0.0,0.0,0.0,0.0,0.0,0.5917454621012976,0.5917454621012976,0.5917454621012976,0.0,0.0,0.0,0.0,0.0,0.0,0.0,0.0,0.0,0.0,0.0,0.0,-1.0755366988305977,-1.0755366988305977,-1.0755366988305977,10.495783641501504,10.495783641501504,10.495783641501504,0.0,0.0,0.0,151.09133011984187,AI
2022-09-10,140.95162659015242,113.17179473952436,188.84685274693024,140.95162659015242,140.95162659015242,-1.2345192258,-1.2345192258,-1.2345192258,-0.1290281903108647,-0.1290281903108647,-0.1290281903108647,0.09709521872307984,0.09709521872307984,0.09709521872307984,9.264401307588946,9.264401307588946,9.264401307588946,0.0,0.0,0.0,0.0,0.0,0.0,-1.2664521973877847,-1.2664521973877847,-1.2664521973877847,0.0,0.0,0.0,0.0,0.0,0.0,0.0,0.0,0.0,0.0,0.0,0.0,0.31826504245826326,0.31826504245826326,0.31826504245826326,10.212588462518468,10.212588462518468,10.212588462518468,0.0,0.0,0.0,150.21602789774136,AI
2022-09-12,140.88777102769382,116.6329806803493,191.26731324825846,140.88777102769382,140.88777102769382,0.0,0.0,0.0,-0.12145297189924419,-0.12145297189924419,-0.12145297189924419,1.0641505025834264,1.0641505025834264,1.0641505025834264,12.221885364286774,12.221885364286774,12.221885364286774,0.0,0.0,0.0,0.0,0.0,0.0,0.9426975306841819,0.9426975306841819,0.9426975306841819,0.0,0.0,0.0,0.0,0.0,0.0,0.0,0.0,0.0,0.0,0.0,0.0,1.8488337943845452,1.8488337943845452,1.8488337943845452,9.430354039218045,9.430354039218045,9.430354039218045,0.0,0.0,0.0,153.1096563919806,AI
2022-09-16,140.76005990277656,104.00308966415791,182.46938476876414,140.76005990277656,140.76005990277656,0.0,0.0,0.0,-0.13721018108225952,-0.13721018108225952,-0.13721018108225952,1.5088439362620065,1.5088439362620065,1.5088439362620065,0.41009353095933265,0.41009353095933265,0.41009353095933265,0.0,0.0,0.0,0.0,0.0,0.0,1.3716337551797468,1.3716337551797468,1.3716337551797468,0.0,0.0,0.0,0.0,0.0,0.0,0.0,0.0,0.0,0.0,0.0,0.0,-7.802481045747534,-7.802481045747534,-7.802481045747534,6.84094082152712,6.84094082152712,6.84094082152712,0.0,0.0,0.0,141.1701534337359,AI
2022-09-17,140.72813212154725,109.39723654191587,183.7138853283679,140.72813212154725,140.72813212154725,-1.2345192258,-1.2345192258,-1.2345192258,-0.13006468742989621,-0.13006468742989621,-0.13006468742989621,0.8448442040597182,0.8448442040597182,0.8448442040597182,5.851933919395506,5.851933919395506,5.851933919395506,0.0,0.0,0.0,0.0,0.0,0.0,-0.519739709170178,-0.519739709170178,-0.519739709170178,0.0,0.0,0.0,0.0,0.0,0.0,0.0,0.0,0.0,0.0,0.0,0.0,0.3182650424535028,0.3182650424535028,0.3182650424535028,6.05340858611218,6.05340858611218,6.05340858611218,0.0,0.0,0.0,146.58006604094277,AI
2022-09-21,140.60042099663,116.39921395019091,189.94066103137874,140.60042099663,140.60042099663,0.0,0.0,0.0,-0.16767936404029418,-0.16767936404029418,-0.16767936404029418,2.12584722873729,2.12584722873729,2.12584722873729,12.067052165970583,12.067052165970583,12.067052165970583,0.0,0.0,0.0,0.0,0.0,0.0,1.9581678646969956,1.9581678646969956,1.9581678646969956,0.0,0.0,0.0,0.0,0.0,0.0,0.0,0.0,0.0,0.0,0.0,0.0,7.300800064010648,7.300800064010648,7.300800064010648,2.808084237262941,2.808084237262941,2.808084237262941,0.0,0.0,0.0,152.66747316260057,AI
2022-09-22,140.56849321540068,109.34115157060535,187.4562699166122,140.56849321540068,140.56849321540068,0.0,0.0,0.0,-0.22040504237838845,-0.22040504237838845,-0.22040504237838845,1.4661659769717543,1.4661659769717543,1.4661659769717543,7.938364423417335,7.938364423417335,7.938364423417335,0.0,0.0,0.0,0.0,0.0,0.0,1.2457609345933658,1.2457609345933658,1.2457609345933658,0.0,0.0,0.0,0.0,0.0,0.0,0.0,0.0,0.0,0.0,0.0,0.0,4.643153012824117,4.643153012824117,4.643153012824117,2.0494504759998518,2.0494504759998518,2.0494504759998518,0.0,0.0,0.0,148.50685763881802,AI
2022-09-29,140.3449987467955,106.15791395783367,186.12201963807865,140.3449987467955,140.3449987467955,0.0,0.0,0.0,-0.23529735954058442,-0.23529735954058442,-0.23529735954058442,1.1970457834306454,1.1970457834306454,1.1970457834306454,4.077828493728246,4.077828493728246,4.077828493728246,0.0,0.0,0.0,0.0,0.0,0.0,0.9617484238900609,0.9617484238900609,0.9617484238900609,0.0,0.0,0.0,0.0,0.0,0.0,0.0,0.0,0.0,0.0,0.0,0.0,4.643153012824753,4.643153012824753,4.643153012824753,-1.5270729429865675,-1.5270729429865675,-1.5270729429865675,0.0,0.0,0.0,144.42282724052376,AI
2022-10-02,140.24921540310754,95.2272620132236,169.92507974466795,140.24921540310754,140.24921540310754,-1.2345192258,-1.2345192258,-1.2345192258,-0.2643363958231376,-0.2643363958231376,-0.2643363958231376,0.9299090717088103,0.9299090717088103,0.9299090717088103,-7.856146598381787,-7.856146598381787,-7.856146598381787,0.0,0.0,0.0,0.0,0.0,0.0,-0.5689465499143274,-0.5689465499143274,-0.5689465499143274,0.0,0.0,0.0,0.0,0.0,0.0,0.0,0.0,0.0,0.0,0.0,0.0,-5.233034169098371,-5.233034169098371,-5.233034169098371,-2.0541658793690893,-2.0541658793690893,-2.0541658793690893,0.0,0.0,0.0,132.39306880472574,AI
2022-10-04,140.1853598406489,104.20200104219057,175.9888499887085,140.1853598406489,140.1853598406489,0.0,0.0,0.0,-0.2663128907196165,-0.2663128907196165,-0.2663128907196165,1.1208346264684794,1.1208346264684794,1.1208346264684794,-2.4164217645605275,-2.4164217645605275,-2.4164217645605275,0.0,0.0,0.0,0.0,0.0,0.0,0.8545217357488629,0.8545217357488629,0.8545217357488629,0.0,0.0,0.0,0.0,0.0,0.0,0.0,0.0,0.0,0.0,0.0,0.0,-1.0755366988140975,-1.0755366988140975,-1.0755366988140975,-2.1954068014952925,-2.1954068014952925,-2.1954068014952925,0.0,0.0,0.0,137.76893807608838,AI
2022-10-06,140.1215042781903,104.31634516376518,181.00502412484823,140.1215042781903,140.1215042781903,0.0,0.0,0.0,-0.21972815769758544,-0.21972815769758544,-0.21972815769758544,0.1728350335940639,0.1728350335940639,0.1728350335940639,2.3177820422038957,2.3177820422038957,2.3177820422038957,0.0,0.0,0.0,0.0,0.0,0.0,-0.04689312410352152,-0.04689312410352152,-0.04689312410352152,0.0,0.0,0.0,0.0,0.0,0.0,0.0,0.0,0.0,0.0,0.0,0.0,4.643153012795147,4.643153012795147,4.643153012795147,-2.2784778464877298,-2.2784778464877298,-2.2784778464877298,0.0,0.0,0.0,142.4392863203942,AI
2022-10-08,140.05764871573166,96.38492018714463,174.52724493568073,140.05764871573166,140.05764871573166,-1.2345192258,-1.2345192258,-1.2345192258,-0.1790673315182652,-0.1790673315182652,-0.1790673315182652,-0.3212722946591752,-0.3212722946591752,-0.3212722946591752,-3.817914332773376,-3.817914332773376,-3.817914332773376,0.0,0.0,0.0,0.0,0.0,0.0,-1.7348588519774406,-1.7348588519774406,-1.7348588519774406,0.0,0.0,0.0,0.0,0.0,0.0,0.0,0.0,0.0,0.0,0.0,0.0,0.3182650424594577,0.3182650424594577,0.3182650424594577,-2.4013205232553934,-2.4013205232553934,-2.4013205232553934,0.0,0.0,0.0,136.2397343829583,AI
2022-10-12,139.92993759081443,108.93022994551836,180.41914565494602,139.92993759081443,139.92993759081443,0.0,0.0,0.0,-0.11452539609897713,-0.11452539609897713,-0.11452539609897713,0.2748416584185885,0.2748416584185885,0.2748416584185885,4.3894121365420915,4.3894121365420915,4.3894121365420915,0.0,0.0,0.0,0.0,0.0,0.0,0.16031626231961138,0.16031626231961138,0.16031626231961138,0.0,0.0,0.0,0.0,0.0,0.0,0.0,0.0,0.0,0.0,0.0,0.0,7.300800063984794,7.300800063984794,7.300800063984794,-3.0717041897623143,-3.0717041897623143,-3.0717041897623143,0.0,0.0,0.0,144.31934972735652,AI
2022-10-13,139.89800980958512,102.86512672396537,175.82496867119895,139.89800980958512,139.89800980958512,0.0,0.0,0.0,-0.04753365920573801,-0.04753365920573801,-0.04753365920573801,-0.45509773086636146,-0.45509773086636146,-0.45509773086636146,0.7835666103396206,0.7835666103396206,0.7835666103396206,0.0,0.0,0.0,0.0,0.0,0.0,-0.5026313900720996,-0.5026313900720996,-0.5026313900720996,0.0,0.0,0.0,0.0,0.0,0.0,0.0,0.0,0.0,0.0,0.0,0.0,4.6431530128260246,4.6431530128260246,4.6431530128260246,-3.356955012414304,-3.356955012414304,-3.356955012414304,0.0,0.0,0.0,140.68157641992474,AI
2022-10-14,139.8660820283558,89.31630440871199,166.94029579141605,139.8660820283558,139.8660820283558,0.0,0.0,0.0,-0.009617962158236326,-0.009617962158236326,-0.009617962158236326,0.10965715801196148,0.10965715801196148,0.10965715801196148,-11.391209402082128,-11.391209402082128,-11.391209402082128,0.0,0.0,0.0,0.0,0.0,0.0,0.10003919585372516,0.10003919585372516,0.10003919585372516,0.0,0.0,0.0,0.0,0.0,0.0,0.0,0.0,0.0,0.0,0.0,0.0,-7.802481045740847,-7.802481045740847,-7.802481045740847,-3.688767552195008,-3.688767552195008,-3.688767552195008,0.0,0.0,0.0,128.47487262627368,AI
2022-10-18,139.73837090343855,95.63531299432807,170.21307509508313,139.73837090343855,139.73837090343855,0.0,0.0,0.0,0.006075040124652487,0.006075040124652487,0.006075040124652487,0.479847658893308,0.479847658893308,0.479847658893308,-5.922764637116293,-5.922764637116293,-5.922764637116293,0.0,0.0,0.0,0.0,0.0,0.0,0.4859226990179605,0.4859226990179605,0.4859226990179605,0.0,0.0,0.0,0.0,0.0,0.0,0.0,0.0,0.0,0.0,0.0,0.0,-1.0755366988181674,-1.0755366988181674,-1.0755366988181674,-5.333150637316086,-5.333150637316086,-5.333150637316086,0.0,0.0,0.0,133.81560626632225,AI
2022-10-19,139.70644312220924,103.31647151024909,175.21743796083413,139.70644312220924,139.70644312220924,0.0,0.0,0.0,0.021359925555334905,0.021359925555334905,0.021359925555334905,0.6824776436777145,0.6824776436777145,0.6824776436777145,2.241192838524486,2.241192838524486,2.241192838524486,0.0,0.0,0.0,0.0,0.0,0.0,0.7038375692330494,0.7038375692330494,0.7038375692330494,0.0,0.0,0.0,0.0,0.0,0.0,0.0,0.0,0.0,0.0,0.0,0.0,7.300800063979058,7.300800063979058,7.300800063979058,-5.763444794687621,-5.763444794687621,-5.763444794687621,0.0,0.0,0.0,141.94763596073372,AI
2022-10-25,139.51487643483335,96.98118873875252,170.64917464210887,139.51487643483335,139.51487643483335,0.0,0.0,0.0,-0.029940949703715813,-0.029940949703715813,-0.029940949703715813,1.644098720526339,1.644098720526339,1.644098720526339,-6.658821407597939,-6.658821407597939,-6.658821407597939,0.0,0.0,0.0,0.0,0.0,0.0,1.6141577708226234,1.6141577708226234,1.6141577708226234,0.0,0.0,0.0,0.0,0.0,0.0,0.0,0.0,0.0,0.0,0.0,0.0,-1.0755366988347363,-1.0755366988347363,-1.0755366988347363,-7.197442479585827,-7.197442479585827,-7.197442479585827,0.0,0.0,0.0,132.8560550272354,AI
2022-11-07,139.0998152788523,110.23239175758314,185.9638693279032,139.0998152788523,139.0998152788523,0.0,0.0,0.0,-0.11224930680210037,-0.11224930680210037,-0.11224930680210037,2.0392585212072456,2.0392585212072456,2.0392585212072456,9.224428989173205,9.224428989173205,9.224428989173205,0.0,0.0,0.0,0.0,0.0,0.0,1.927009214405145,1.927009214405145,1.927009214405145,0.0,0.0,0.0,0.0,0.0,0.0,0.0,0.0,0.0,0.0,0.0,0.0,1.8488337943888102,1.8488337943888102,1.8488337943888102,5.4485859803792485,5.4485859803792485,5.4485859803792485,0.0,0.0,0.0,148.3242442680255,AI
2022-11-08,139.067887497623,105.15976951286505,183.59388235421395,139.067887497623,139.067887497623,0.0,0.0,0.0,-0.17113694279602254,-0.17113694279602254,-0.17113694279602254,1.963686926840372,1.963686926840372,1.963686926840372,7.777467531333732,7.777467531333732,7.777467531333732,0.0,0.0,0.0,0.0,0.0,0.0,1.7925499840443495,1.7925499840443495,1.7925499840443495,0.0,0.0,0.0,0.0,0.0,0.0,0.0,0.0,0.0,0.0,0.0,0.0,-1.0755366988388073,-1.0755366988388073,-1.0755366988388073,7.060454246128191,7.060454246128191,7.060454246128191,0.0,0.0,0.0,146.84535502895673,AI
2022-11-09,139.03595971639368,119.35089858056445,194.08244651410465,139.03595971639368,139.03595971639368,0.0,0.0,0.0,-0.25221170356110967,-0.25221170356110967,-0.25221170356110967,1.8700546342358408,1.8700546342358408,1.8700546342358408,17.5645820715718,17.5645820715718,17.5645820715718,0.0,0.0,0.0,0.0,0.0,0.0,1.6178429306747313,1.6178429306747313,1.6178429306747313,0.0,0.0,0.0,0.0,0.0,0.0,0.0,0.0,0.0,0.0,0.0,0.0,7.300800064026038,7.300800064026038,7.300800064026038,8.64593907687103,8.64593907687103,8.64593907687103,0.0,0.0,0.0,156.60054178796548,AI
2022-11-12,138.94017637270574,113.66495951788242,185.63844192105134,138.94017637270574,138.94017637270574,-1.2345192258,-1.2345192258,-1.2345192258,-0.26174595997458544,-0.26174595997458544,-0.26174595997458544,0.3830911914902319,0.3830911914902319,0.3830911914902319,12.135742082968381,12.135742082968381,12.135742082968381,0.0,0.0,0.0,0.0,0.0,0.0,-1.1131739942843535,-1.1131739942843535,-1.1131739942843535,0.0,0.0,0.0,0.0,0.0,0.0,0.0,0.0,0.0,0.0,0.0,0.0,0.3182650424526032,0.3182650424526032,0.3182650424526032,12.930651034800132,12.930651034800132,12.930651034800132,0.0,0.0,0.0,151.07591845567413,AI
2022-11-18,138.74860968532985,107.95170184044237,184.47384460525524,138.74860968532985,138.74860968532985,0.0,0.0,0.0,-0.24966039757008177,-0.24966039757008177,-0.24966039757008177,0.13324442820549015,0.13324442820549015,0.13324442820549015,9.054264938990631,9.054264938990631,9.054264938990631,0.0,0.0,0.0,0.0,0.0,0.0,-0.11641596936459161,-0.11641596936459161,-0.11641596936459161,0.0,0.0,0.0,0.0,0.0,0.0,0.0,0.0,0.0,0.0,0.0,0.0,-7.802481045764763,-7.802481045764763,-7.802481045764763,16.973161954119984,16.973161954119984,16.973161954119984,0.0,0.0,0.0,147.80287462432048,AI
2022-11-20,138.68475412287123,108.20087164006803,186.15825942478028,138.68475412287123,138.68475412287123,-1.2345192258,-1.2345192258,-1.2345192258,-0.20856538684829676,-0.20856538684829676,-0.20856538684829676,-0.49609088334538687,-0.49609088334538687,-0.49609088334538687,9.327750299507995,9.327750299507995,9.327750299507995,0.0,0.0,0.0,0.0,0.0,0.0,-1.9391754959936836,-1.9391754959936836,-1.9391754959936836,0.0,0.0,0.0,0.0,0.0,0.0,0.0,0.0,0.0,0.0,0.0,0.0,-5.2330341691036955,-5.2330341691036955,-5.2330341691036955,16.499959964605374,16.499959964605374,16.499959964605374,0.0,0.0,0.0,148.0125044223792,AI
2022-11-22,138.6208985604126,116.15220080194004,189.2423745788099,138.6208985604126,138.6208985604126,0.0,0.0,0.0,-0.1477034899733414,-0.1477034899733414,-0.1477034899733414,-0.10136660219525309,-0.10136660219525309,-0.10136660219525309,13.779978491970844,13.779978491970844,13.779978491970844,0.0,0.0,0.0,0.0,0.0,0.0,-0.2490700921685945,-0.2490700921685945,-0.2490700921685945,0.0,0.0,0.0,0.0,0.0,0.0,0.0,0.0,0.0,0.0,0.0,0.0,-1.0755366988167612,-1.0755366988167612,-1.0755366988167612,15.1045852829562,15.1045852829562,15.1045852829562,0.0,0.0,0.0,152.40087705238344,AI
2022-12-03,138.26969296689015,99.62939261497392,176.52202826379488,138.26969296689015,138.26969296689015,-1.2345192258,-1.2345192258,-1.2345192258,-0.06765591213293967,-0.06765591213293967,-0.06765591213293967,-0.25643514695664343,-0.25643514695664343,-0.25643514695664343,-2.1709764288519136,-2.1709764288519136,-2.1709764288519136,0.0,0.0,0.0,0.0,0.0,0.0,-1.5586102848895833,-1.5586102848895833,-1.5586102848895833,0.0,0.0,0.0,0.0,0.0,0.0,0.0,0.0,0.0,0.0,0.0,0.0,0.31826504245855736,0.31826504245855736,0.31826504245855736,-0.9306311864208875,-0.9306311864208875,-0.9306311864208875,0.0,0.0,0.0,136.09871653803825,AI
2022-12-04,138.23776518566083,91.9962218066204,166.550530962345,138.23776518566083,138.23776518566083,-1.2345192258,-1.2345192258,-1.2345192258,-0.005607855971676692,-0.005607855971676692,-0.005607855971676692,0.1842036058672914,0.1842036058672914,0.1842036058672914,-8.507383192932402,-8.507383192932402,-8.507383192932402,0.0,0.0,0.0,0.0,0.0,0.0,-1.0559234759043852,-1.0559234759043852,-1.0559234759043852,0.0,0.0,0.0,0.0,0.0,0.0,0.0,0.0,0.0,0.0,0.0,0.0,-5.233034169103056,-5.233034169103056,-5.233034169103056,-2.2184255479249604,-2.2184255479249604,-2.2184255479249604,0.0,0.0,0.0,129.73038199272844,AI
2022-12-07,138.14198184197292,102.88301434244235,178.94424098022984,138.14198184197292,138.14198184197292,0.0,0.0,0.0,0.026767242332297027,0.026767242332297027,0.026767242332297027,0.9415654758155663,0.9415654758155663,0.9415654758155663,3.1684993044818723,3.1684993044818723,3.1684993044818723,0.0,0.0,0.0,0.0,0.0,0.0,0.9683327181478634,0.9683327181478634,0.9683327181478634,0.0,0.0,0.0,0.0,0.0,0.0,0.0,0.0,0.0,0.0,0.0,0.0,7.300800063994448,7.300800063994448,7.300800063994448,-5.1006334776604385,-5.1006334776604385,-5.1006334776604385,0.0,0.0,0.0,141.3104811464548,AI
2022-12-15,137.8865595921384,103.91103919279438,173.20881264325854,137.8865595921384,137.8865595921384,0.0,0.0,0.0,0.04052775012587432,0.04052775012587432,0.04052775012587432,-0.01154799016518627,-0.01154799016518627,-0.01154799016518627,-0.3701928602032854,-0.3701928602032854,-0.3701928602032854,0.0,0.0,0.0,0.0,0.0,0.0,0.028979759960688054,0.028979759960688054,0.028979759960688054,0.0,0.0,0.0,0.0,0.0,0.0,0.0,0.0,0.0,0.0,0.0,0.0,4.643153012840088,4.643153012840088,4.643153012840088,-5.042325633004062,-5.042325633004062,-5.042325633004062,0.0,0.0,0.0,137.51636673193514,AI
2022-12-16,137.8546318109091,89.41955813022295,163.1745241932565,137.8546318109091,137.8546318109091,0.0,0.0,0.0,0.02901326750651477,0.02901326750651477,0.02901326750651477,0.4634695962193081,0.4634695962193081,0.4634695962193081,-11.787666778743386,-11.787666778743386,-11.787666778743386,0.0,0.0,0.0,0.0,0.0,0.0,0.49248286372582284,0.49248286372582284,0.49248286372582284,0.0,0.0,0.0,0.0,0.0,0.0,0.0,0.0,0.0,0.0,0.0,0.0,-7.802481045758077,-7.802481045758077,-7.802481045758077,-4.4776685967111325,-4.4776685967111325,-4.4776685967111325,0.0,0.0,0.0,126.06696503216571,AI
2022-12-17,137.82270402967978,95.35140654032377,170.86328892816695,137.82270402967978,137.82270402967978,-1.2345192258,-1.2345192258,-1.2345192258,0.025635899980571655,0.025635899980571655,0.025635899980571655,-0.39923097260793555,-0.39923097260793555,-0.39923097260793555,-5.163980777792455,-5.163980777792455,-5.163980777792455,0.0,0.0,0.0,0.0,0.0,0.0,-1.6081142984273638,-1.6081142984273638,-1.6081142984273638,0.0,0.0,0.0,0.0,0.0,0.0,0.0,0.0,0.0,0.0,0.0,0.0,0.3182650424591546,0.3182650424591546,0.3182650424591546,-3.8741315218242454,-3.8741315218242454,-3.8741315218242454,0.0,0.0,0.0,132.65872325188732,AI
2022-12-18,137.79077624845047,90.09686406768552,165.52864624105368,137.79077624845047,137.79077624845047,-1.2345192258,-1.2345192258,-1.2345192258,0.026574032390914125,0.026574032390914125,0.026574032390914125,-0.12827140921660507,-0.12827140921660507,-0.12827140921660507,-9.831626359118387,-9.831626359118387,-9.831626359118387,0.0,0.0,0.0,0.0,0.0,0.0,-1.3362166026256908,-1.3362166026256908,-1.3362166026256908,0.0,0.0,0.0,0.0,0.0,0.0,0.0,0.0,0.0,0.0,0.0,0.0,-5.233034169100442,-5.233034169100442,-5.233034169100442,-3.2623755873922544,-3.2623755873922544,-3.2623755873922544,0.0,0.0,0.0,127.95914988933208,AI
2022-12-19,137.75884846722116,100.90422962461713,176.961496698156,137.75884846722116,137.75884846722116,0.0,0.0,0.0,0.009672614814212098,0.009672614814212098,0.009672614814212098,0.22828254670285703,0.22828254670285703,0.22828254670285703,-0.5860277161255282,-0.5860277161255282,-0.5860277161255282,0.0,0.0,0.0,0.0,0.0,0.0,0.2379551615170691,0.2379551615170691,0.2379551615170691,0.0,0.0,0.0,0.0,0.0,0.0,0.0,0.0,0.0,0.0,0.0,0.0,1.8488337943645554,1.8488337943645554,1.8488337943645554,-2.6728166720071527,-2.6728166720071527,-2.6728166720071527,0.0,0.0,0.0,137.17282075109563,AI
2022-12-20,137.72692068599184,94.7618105486927,173.49660312672404,137.72692068599184,137.72692068599184,0.0,0.0,0.0,0.007907114881081562,0.007907114881081562,0.007907114881081562,0.23483658099257002,0.23483658099257002,0.23483658099257002,-2.9674883562836256,-2.9674883562836256,-2.9674883562836256,0.0,0.0,0.0,0.0,0.0,0.0,0.2427436958736516,0.2427436958736516,0.2427436958736516,0.0,0.0,0.0,0.0,0.0,0.0,0.0,0.0,0.0,0.0,0.0,0.0,-1.0755366988263761,-1.0755366988263761,-1.0755366988263761,-2.1346953533309008,-2.1346953533309008,-2.1346953533309008,0.0,0.0,0.0,134.7594323297082,AI
2022-12-21,137.69499290476253,108.73166334307736,181.6044011294854,137.6949929043526,137.69499290481315,0.0,0.0,0.0,0.03178786933230967,0.03178786933230967,0.03178786933230967,0.2566865792427438,0.2566865792427438,0.2566865792427438,5.914095411019904,5.914095411019904,5.914095411019904,0.0,0.0,0.0,0.0,0.0,0.0,0.28847444857505344,0.28847444857505344,0.28847444857505344,0.0,0.0,0.0,0.0,0.0,0.0,0.0,0.0,0.0,0.0,0.0,0.0,7.300800064015069,7.300800064015069,7.300800064015069,-1.6751791015702184,-1.6751791015702184,-1.6751791015702184,0.0,0.0,0.0,143.60908831578243,AI
2022-12-22,137.66306512353322,102.90309931520693,174.54685264226185,137.66306512123637,137.6630651246184,0.0,0.0,0.0,0.04817186308369023,0.04817186308369023,0.04817186308369023,-0.4814264265780021,-0.4814264265780021,-0.4814264265780021,2.891375647262632,2.891375647262632,2.891375647262632,0.0,0.0,0.0,0.0,0.0,0.0,-0.4332545634943119,-0.4332545634943119,-0.4332545634943119,0.0,0.0,0.0,0.0,0.0,0.0,0.0,0.0,0.0,0.0,0.0,0.0,4.643153012810482,4.643153012810482,4.643153012810482,-1.3185228020535384,-1.3185228020535384,-1.3185228020535384,0.0,0.0,0.0,140.55444077079585,AI
2022-12-23,137.63113734230393,91.22526216366023,165.5497219767584,137.63113733838267,137.6311373449749,0.0,0.0,0.0,0.06187702889926467,0.06187702889926467,0.06187702889926467,0.0704175735000105,0.0704175735000105,0.0704175735000105,-8.755498669240636,-8.755498669240636,-8.755498669240636,0.0,0.0,0.0,0.0,0.0,0.0,0.13229460239927518,0.13229460239927518,0.13229460239927518,0.0,0.0,0.0,0.0,0.0,0.0,0.0,0.0,0.0,0.0,0.0,0.0,-7.802481045743886,-7.802481045743886,-7.802481045743886,-1.0853122258960244,-1.0853122258960244,-1.0853122258960244,0.0,0.0,0.0,128.8756386730633,AI
2022-12-24,137.59920956107462,96.60019137782362,170.29624539697573,137.59920955473248,137.59920956586453,-1.2345192258,-1.2345192258,-1.2345192258,0.071961021920118,0.071961021920118,0.071961021920118,-0.688430965316489,-0.688430965316489,-0.688430965316489,-2.524536962670759,-2.524536962670759,-2.524536962670759,0.0,0.0,0.0,0.0,0.0,0.0,-1.8509891691963711,-1.8509891691963711,-1.8509891691963711,0.0,0.0,0.0,0.0,0.0,0.0,0.0,0.0,0.0,0.0,0.0,0.0,0.31826504246451154,0.31826504246451154,0.31826504246451154,-0.9918128359388992,-0.9918128359388992,-0.9918128359388992,0.0,0.0,0.0,135.07467259840385,AI
2022-12-25,137.5672817798453,91.8066385225257,169.3288814986776,137.56728177117606,137.56728178703986,-1.2345192258,-1.2345192258,-1.2345192258,0.07754513081704896,0.07754513081704896,0.07754513081704896,-0.28841870889607485,-0.28841870889607485,-0.28841870889607485,-7.7278704000556955,-7.7278704000556955,-7.7278704000556955,0.0,0.0,0.0,0.0,0.0,0.0,-1.4453928038790258,-1.4453928038790258,-1.4453928038790258,0.0,0.0,0.0,0.0,0.0,0.0,0.0,0.0,0.0,0.0,0.0,0.0,-5.233034169103301,-5.233034169103301,-5.233034169103301,-1.0494434270733675,-1.0494434270733675,-1.0494434270733675,0.0,0.0,0.0,129.8394113797896,AI
2022-12-26,137.535353998616,101.80136142964585,176.23752090800713,137.5353539862009,137.53535400912793,0.0,0.0,0.0,0.07784209814623766,0.07784209814623766,0.07784209814623766,0.21976578660015114,0.21976578660015114,0.21976578660015114,0.8820510441942024,0.8820510441942024,0.8820510441942024,0.0,0.0,0.0,0.0,0.0,0.0,0.29760788474638883,0.29760788474638883,0.29760788474638883,0.0,0.0,0.0,0.0,0.0,0.0,0.0,0.0,0.0,0.0,0.0,0.0,1.8488337943777995,1.8488337943777995,1.8488337943777995,-1.2643906349299854,-1.2643906349299854,-1.2643906349299854,0.0,0.0,0.0,138.4174050428102,AI
2022-12-27,137.50342621738665,97.49394697275447,172.9958838814883,137.50342620156292,137.50342623055468,0.0,0.0,0.0,0.07218168617103393,0.07218168617103393,0.07218168617103393,0.3971721854075077,0.3971721854075077,0.3971721854075077,-2.2435592275240404,-2.2435592275240404,-2.2435592275240404,0.0,0.0,0.0,0.0,0.0,0.0,0.46935387157854164,0.46935387157854164,0.46935387157854164,0.0,0.0,0.0,0.0,0.0,0.0,0.0,0.0,0.0,0.0,0.0,0.0,-1.0755366988153539,-1.0755366988153539,-1.0755366988153539,-1.6373764002872284,-1.6373764002872284,-1.6373764002872284,0.0,0.0,0.0,135.25986698986262,AI
2022-12-28,137.47149843615733,104.96187189691602,180.54088020244725,137.47149841637113,137.47149845216262,0.0,0.0,0.0,0.060033234688890734,0.060033234688890734,0.060033234688890734,0.6050934130030059,0.6050934130030059,0.6050934130030059,5.802340552953134,5.802340552953134,5.802340552953134,0.0,0.0,0.0,0.0,0.0,0.0,0.6651266476918967,0.6651266476918967,0.6651266476918967,0.0,0.0,0.0,0.0,0.0,0.0,0.0,0.0,0.0,0.0,0.0,0.0,7.300800064041428,7.300800064041428,7.300800064041428,-2.1635861587801903,-2.1635861587801903,-2.1635861587801903,0.0,0.0,0.0,143.27383898911046,AI
2022-12-29,137.43957065492802,99.70821528396799,175.5801615645348,137.43957063094408,137.4395706754814,0.0,0.0,0.0,0.04102453855927952,0.04102453855927952,0.04102453855927952,0.06372615045318587,0.06372615045318587,0.06372615045318587,1.9151427436220838,1.9151427436220838,1.9151427436220838,0.0,0.0,0.0,0.0,0.0,0.0,0.10475068901246538,0.10475068901246538,0.10475068901246538,0.0,0.0,0.0,0.0,0.0,0.0,0.0,0.0,0.0,0.0,0.0,0.0,4.643153012811118,4.643153012811118,4.643153012811118,-2.8327609582015,-2.8327609582015,-2.8327609582015,0.0,0.0,0.0,139.3547133985501,AI
2022-12-30,137.4076428736987,91.82038910764173,165.80585397273225,137.4076428449804,137.40764289759545,0.0,0.0,0.0,0.01495647324096451,0.01495647324096451,0.01495647324096451,0.8180266093643594,0.8180266093643594,0.8180266093643594,-10.598949981065148,-10.598949981065148,-10.598949981065148,0.0,0.0,0.0,0.0,0.0,0.0,0.8329830826053239,0.8329830826053239,0.8329830826053239,0.0,0.0,0.0,0.0,0.0,0.0,0.0,0.0,0.0,0.0,0.0,0.0,-7.802481045774488,-7.802481045774488,-7.802481045774488,-3.6294520178959835,-3.6294520178959835,-3.6294520178959835,0.0,0.0,0.0,126.80869289263356,AI
2022-12-31,137.37571509246942,92.88037496687116,170.19599389950668,137.3757150576756,137.3757151195427,-1.2345192258,-1.2345192258,-1.2345192258,-0.018187086096332062,-0.018187086096332062,-0.018187086096332062,0.2620969752384096,0.2620969752384096,0.2620969752384096,-5.205775864661283,-5.205775864661283,-5.205775864661283,0.0,0.0,0.0,0.0,0.0,0.0,-0.9906093366579225,-0.9906093366579225,-0.9906093366579225,0.0,0.0,0.0,0.0,0.0,0.0,0.0,0.0,0.0,0.0,0.0,0.0,0.3182650424530485,0.3182650424530485,0.3182650424530485,-4.533431570456409,-4.533431570456409,-4.533431570456409,0.0,0.0,0.0,132.16993922780813,AI
2023-01-01,137.3437873112401,90.8323140168925,165.44784802526826,137.34378727179183,137.34378734151323,-1.2345192258,-1.2345192258,-1.2345192258,-0.05823437568680042,-0.05823437568680042,-0.05823437568680042,0.8601021036045408,0.8601021036045408,0.8601021036045408,-11.18593496547009,-11.18593496547009,-11.18593496547009,0.0,0.0,0.0,0.0,0.0,0.0,-0.4326514978822597,-0.4326514978822597,-0.4326514978822597,0.0,0.0,0.0,0.0,0.0,0.0,0.0,0.0,0.0,0.0,0.0,0.0,-5.233034169099803,-5.233034169099803,-5.233034169099803,-5.520249298488026,-5.520249298488026,-5.520249298488026,0.0,0.0,0.0,126.15785234577001,AI
2023-01-02,137.3118595300108,98.04127026208522,171.78934972310606,137.31185948502278,137.3118595634533,0.0,0.0,0.0,-0.1048260679734366,-0.1048260679734366,-0.1048260679734366,1.5559742748160967,1.5559742748160967,1.5559742748160967,-3.261937428195459,-3.261937428195459,-3.261937428195459,0.0,0.0,0.0,0.0,0.0,0.0,1.4511482068426602,1.4511482068426602,1.4511482068426602,0.0,0.0,0.0,0.0,0.0,0.0,0.0,0.0,0.0,0.0,0.0,0.0,1.8488337943910438,1.8488337943910438,1.8488337943910438,-6.561919429429163,-6.561919429429163,-6.561919429429163,0.0,0.0,0.0,134.04992210181533,AI
2023-01-03,137.27993174878148,96.76292683364389,166.7979679355761,137.27993169895723,137.27993178619107,0.0,0.0,0.0,-0.15742084745765736,-0.15742084745765736,-0.15742084745765736,1.9055439000537004,1.9055439000537004,1.9055439000537004,-6.955133348086498,-6.955133348086498,-6.955133348086498,0.0,0.0,0.0,0.0,0.0,0.0,1.748123052596043,1.748123052596043,1.748123052596043,0.0,0.0,0.0,0.0,0.0,0.0,0.0,0.0,0.0,0.0,0.0,0.0,-1.0755366988319228,-1.0755366988319228,-1.0755366988319228,-7.6277197018506175,-7.6277197018506175,-7.6277197018506175,0.0,0.0,0.0,130.324798400695,AI
2023-01-04,137.24800396755217,99.03278362627762,171.57751572529585,137.24800391187262,137.24800400788865,0.0,0.0,0.0,-0.2153061272050719,-0.2153061272050719,-0.2153061272050719,2.2651919916381322,2.2651919916381322,2.2651919916381322,0.6656058481523873,0.6656058481523873,0.6656058481523873,0.0,0.0,0.0,0.0,0.0,0.0,2.0498858644330604,2.0498858644330604,2.0498858644330604,0.0,0.0,0.0,0.0,0.0,0.0,0.0,0.0,0.0,0.0,0.0,0.0,7.300800064035692,7.300800064035692,7.300800064035692,-8.685080080316364,-8.685080080316364,-8.685080080316364,0.0,0.0,0.0,137.91360981570455,AI
2023-01-05,137.21607618632285,94.54486190949261,173.05324823319634,137.21607612593886,137.2160762312397,0.0,0.0,0.0,-0.2776136503929434,-0.2776136503929434,-0.2776136503929434,1.850650756049139,1.850650756049139,1.850650756049139,-3.4843462514352272,-3.4843462514352272,-3.4843462514352272,0.0,0.0,0.0,0.0,0.0,0.0,1.5730371056561954,1.5730371056561954,1.5730371056561954,0.0,0.0,0.0,0.0,0.0,0.0,0.0,0.0,0.0,0.0,0.0,0.0,4.643153012815925,4.643153012815925,4.643153012815925,-9.700536369907347,-9.700536369907347,-9.700536369907347,0.0,0.0,0.0,133.73172993488762,AI
2023-01-06,137.18414840509354,85.17777993953219,157.6278591725333,137.18414833851315,137.18414845461314,0.0,0.0,0.0,-0.34333958269681575,-0.34333958269681575,-0.34333958269681575,2.7029881621674305,2.7029881621674305,2.7029881621674305,-16.083554314480168,-16.083554314480168,-16.083554314480168,0.0,0.0,0.0,0.0,0.0,0.0,2.359648579470615,2.359648579470615,2.359648579470615,0.0,0.0,0.0,0.0,0.0,0.0,0.0,0.0,0.0,0.0,0.0,0.0,-7.802481045760296,-7.802481045760296,-7.802481045760296,-10.640721848190488,-10.640721848190488,-10.640721848190488,0.0,0.0,0.0,121.10059409061337,AI
2023-01-07,137.15222062386422,90.61318024604515,165.12080976156406,137.15222055297372,137.15222067813772,-1.2345192258,-1.2345192258,-1.2345192258,-0.41136857328823745,-0.41136857328823745,-0.41136857328823745,2.213108200883311,2.213108200883311,2.213108200883311,-10.587883308066404,-10.587883308066404,-10.587883308066404,0.0,0.0,0.0,0.0,0.0,0.0,0.5672204017950737,0.5672204017950737,0.5672204017950737,0.0,0.0,0.0,0.0,0.0,0.0,0.0,0.0,0.0,0.0,0.0,0.0,0.31826504245840614,0.31826504245840614,0.31826504245840614,-11.473368752319884,-11.473368752319884,-11.473368752319884,0.0,0.0,0.0,126.56433731579781,AI
2023-01-08,137.1202928426349,80.8405232221379,158.31320264568106,137.12029276656534,137.12029290223978,-1.2345192258,-1.2345192258,-1.2345192258,-0.4805011483838911,-0.4805011483838911,-0.4805011483838911,2.842763155852575,2.842763155852575,2.842763155852575,-16.27358236131024,-16.27358236131024,-16.27358236131024,0.0,0.0,0.0,0.0,0.0,0.0,1.1277427816686845,1.1277427816686845,1.1277427816686845,0.0,0.0,0.0,0.0,0.0,0.0,0.0,0.0,0.0,0.0,0.0,0.0,-5.233034169102662,-5.233034169102662,-5.233034169102662,-12.168290973876264,-12.168290973876264,-12.168290973876264,0.0,0.0,0.0,120.84671048132466,AI
2023-01-09,137.0883650614056,91.95591748986605,165.45284852817778,137.08836497834278,137.0883651250321,0.0,0.0,0.0,-0.5494837048915323,-0.5494837048915323,-0.5494837048915323,3.534332926767968,3.534332926767968,3.534332926767968,-7.864636624393295,-7.864636624393295,-7.864636624393295,0.0,0.0,0.0,0.0,0.0,0.0,2.984849221876436,2.984849221876436,2.984849221876436,0.0,0.0,0.0,0.0,0.0,0.0,0.0,0.0,0.0,0.0,0.0,0.0,1.848833794386662,1.848833794386662,1.848833794386662,-12.698319640656392,-12.698319640656392,-12.698319640656392,0.0,0.0,0.0,129.2237284370123,AI
2023-01-10,137.05643728017628,89.68505217155598,165.8873334412429,137.05643719160346,137.05643734728645,0.0,0.0,0.0,-0.6170402954917945,-0.6170402954917945,-0.6170402954917945,3.8430071121571006,3.8430071121571006,3.8430071121571006,-10.889734281215116,-10.889734281215116,-10.889734281215116,0.0,0.0,0.0,0.0,0.0,0.0,3.2259668166653057,3.2259668166653057,3.2259668166653057,0.0,0.0,0.0,0.0,0.0,0.0,0.0,0.0,0.0,0.0,0.0,0.0,-1.0755366987933068,-1.0755366987933068,-1.0755366987933068,-13.040164399087116,-13.040164399087116,-13.040164399087116,0.0,0.0,0.0,126.16670299896117,AI
2023-01-11,137.02450949894697,98.69389815066148,171.004458792909,137.0245094039903,137.0245095693316,0.0,0.0,0.0,-0.6819053426604315,-0.6819053426604315,-0.6819053426604315,4.125464120884662,4.125464120884662,4.125464120884662,-2.4308162818908827,-2.4308162818908827,-2.4308162818908827,0.0,0.0,0.0,0.0,0.0,0.0,3.44355877822423,3.44355877822423,3.44355877822423,0.0,0.0,0.0,0.0,0.0,0.0,0.0,0.0,0.0,0.0,0.0,0.0,7.3008000639892146,7.3008000639892146,7.3008000639892146,-13.175175124104328,-13.175175124104328,-13.175175124104328,0.0,0.0,0.0,134.59369321705609,AI
2023-01-12,136.99258171771766,93.01324269363933,171.92906004419177,136.99258161569344,136.99258179595137,0.0,0.0,0.0,-0.7428563892327772,-0.7428563892327772,-0.7428563892327772,3.5986728131696935,3.5986728131696935,3.5986728131696935,-5.591011988552019,-5.591011988552019,-5.591011988552019,0.0,0.0,0.0,0.0,0.0,0.0,2.855816423936916,2.855816423936916,2.855816423936916,0.0,0.0,0.0,0.0,0.0,0.0,0.0,0.0,0.0,0.0,0.0,0.0,4.643153012846803,4.643153012846803,4.643153012846803,-13.089981425335736,-13.089981425335736,-13.089981425335736,0.0,0.0,0.0,131.40156972916563,AI
2023-01-13,136.96065393648834,81.65326010296774,156.73228886549543,136.96065382826944,136.9606540246089,0.0,0.0,0.0,-0.7987459880318055,-0.7987459880318055,-0.7987459880318055,4.30585237793377,4.30585237793377,4.30585237793377,-17.072365273213823,-17.072365273213823,-17.072365273213823,0.0,0.0,0.0,0.0,0.0,0.0,3.5071063899019648,3.5071063899019648,3.5071063899019648,0.0,0.0,0.0,0.0,0.0,0.0,0.0,0.0,0.0,0.0,0.0,0.0,-7.802481045746104,-7.802481045746104,-7.802481045746104,-12.776990617369682,-12.776990617369682,-12.776990617369682,0.0,0.0,0.0,119.88828866327452,AI
2023-01-14,136.92872615525903,90.70750918675178,165.60871348974058,136.92872604161582,136.92872624783874,-1.2345192258,-1.2345192258,-1.2345192258,-0.8485318529946685,-0.8485318529946685,-0.8485318529946685,3.6409227337250587,3.6409227337250587,3.6409227337250587,-10.358591990055151,-10.358591990055151,-10.358591990055151,0.0,0.0,0.0,0.0,0.0,0.0,1.5578716549303904,1.5578716549303904,1.5578716549303904,0.0,0.0,0.0,0.0,0.0,0.0,0.0,0.0,0.0,0.0,0.0,0.0,0.3182650424536452,0.3182650424536452,0.3182650424536452,-12.234728687439189,-12.234728687439189,-12.234728687439189,0.0,0.0,0.0,126.57013416520388,AI
